Tokens,Unlock Date
16213926651360,1970-01-01 00:00:00 +0000 UTC
2806256535711,2023-10-18 00:00:00 +0000 UTC
2806256535711,2023-11-01 00:00:00 +0000 UTC
2806256535711,2023-11-15 00:00:00 +0000 UTC
2806256535711,2023-11-29 00:00:00 +0000 UTC
2806256535711,2023-12-13 00:00:00 +0000 UTC
2806256535711,2023-12-27 00:00:00 +0000 UTC
2806256535711,2024-01-10 00:00:00 +0000 UTC
2806256535711,2024-01-24 00:00:00 +0000 UTC
2806256535711,2024-02-07 00:00:00 +0000 UTC
2806256535711,2024-02-21 00:00:00 +0000 UTC
2806256535711,2024-03-06 00:00:00 +0000 UTC
2806256535711,2024-03-20 00:00:00 +0000 UTC
2806256535711,2024-04-03 00:00:00 +0000 UTC
2806256535711,2024-04-17 00:00:00 +0000 UTC
2806256535711,2024-05-01 00:00:00 +0000 UTC
2806256535711,2024-05-15 00:00:00 +0000 UTC
2806256535711,2024-05-29 00:00:00 +0000 UTC
2806256535711,2024-06-12 00:00:00 +0000 UTC
2806256535711,2024-06-26 00:00:00 +0000 UTC
2806256535711,2024-07-10 00:00:00 +0000 UTC
2806256535711,2024-07-24 00:00:00 +0000 UTC
2806256535711,2024-08-07 00:00:00 +0000 UTC
2806256535711,2024-08-21 00:00:00 +0000 UTC
2806256535711,2024-09-04 00:00:00 +0000 UTC
2806256535711,2024-09-18 00:00:00 +0000 UTC
2806256535711,2024-10-02 00:00:00 +0000 UTC
2806256535711,2024-10-16 00:00:00 +0000 UTC
2806256535711,2024-10-30 00:00:00 +0000 UTC
2806256535711,2024-11-13 00:00:00 +0000 UTC
2806256535711,2024-11-27 00:00:00 +0000 UTC
2806256535711,2024-12-11 00:00:00 +0000 UTC
2806256535711,2024-12-25 00:00:00 +0000 UTC
2806256535711,2025-01-08 00:00:00 +0000 UTC
2806256535711,2025-01-22 00:00:00 +0000 UTC
2806256535711,2025-02-05 00:00:00 +0000 UTC
2806256535711,2025-02-19 00:00:00 +0000 UTC
2806256535711,2025-03-05 00:00:00 +0000 UTC
2806256535711,2025-03-19 00:00:00 +0000 UTC
2806256535711,2025-04-02 00:00:00 +0000 UTC
2806256535711,2025-04-16 00:00:00 +0000 UTC
2806256535711,2025-04-30 00:00:00 +0000 UTC
2806256535711,2025-05-14 00:00:00 +0000 UTC
2806256535711,2025-05-28 00:00:00 +0000 UTC
2806256535711,2025-06-11 00:00:00 +0000 UTC
2806256535711,2025-06-25 00:00:00 +0000 UTC
2806256535711,2025-07-09 00:00:00 +0000 UTC
2806256535711,2025-07-23 00:00:00 +0000 UTC
2806256535711,2025-08-06 00:00:00 +0000 UTC
2806256535711,2025-08-20 00:00:00 +0000 UTC
2806256535711,2025-09-03 00:00:00 +0000 UTC
2806256535711,2025-09-17 00:00:00 +0000 UTC
2806256535711,2025-10-01 00:00:00 +0000 UTC
